         sim	       state	        soln	      dist_x	        time	        step	          pH	          pe	    reaction	          Fe	           S	 Mackinawite	d_Mackinawite	    Greigite	  d_Greigite	      Pyrite	    d_Pyrite	si_Mackinawite	 si_Greigite	   si_Pyrite	
           4	       react	           1	         -99	           0	           1	     6.99901	    -6.76001	  1.0000e-12	  3.0000e-12	  1.0000e-12	  0.0000e+00	  0.0000e+00	  0.0000e+00	  0.0000e+00	  0.0000e+00	  0.0000e+00	    -12.1054	    -50.2806	    -17.1269	
           4	       react	           1	         -99	           0	           2	     6.99902	    -6.76002	  1.0000e-12	  6.0000e-12	  2.0000e-12	  0.0000e+00	  0.0000e+00	  0.0000e+00	  0.0000e+00	  0.0000e+00	  0.0000e+00	    -11.5033	    -48.1733	    -16.2238	
           4	       react	           1	         -99	           0	           3	     6.99904	    -6.76004	  1.0000e-12	  9.0000e-12	  3.0000e-12	  0.0000e+00	  0.0000e+00	  0.0000e+00	  0.0000e+00	  0.0000e+00	  0.0000e+00	    -11.1511	    -46.9407	    -15.6955	
           4	       react	           1	         -99	           0	           4	     6.99905	    -6.76005	  1.0000e-12	  1.2000e-11	  4.0000e-12	  0.0000e+00	  0.0000e+00	  0.0000e+00	  0.0000e+00	  0.0000e+00	  0.0000e+00	    -10.9012	    -46.0660	    -15.3207	
           4	       react	           1	         -99	           0	           5	     6.99906	    -6.76006	  1.0000e-12	  1.5000e-11	  5.0000e-12	  0.0000e+00	  0.0000e+00	  0.0000e+00	  0.0000e+00	  0.0000e+00	  0.0000e+00	    -10.7074	    -45.3876	    -15.0299	
           4	       react	           1	         -99	           0	           6	     6.99907	    -6.76007	  1.0000e-12	  1.8000e-11	  6.0000e-12	  0.0000e+00	  0.0000e+00	  0.0000e+00	  0.0000e+00	  0.0000e+00	  0.0000e+00	    -10.5490	    -44.8333	    -14.7924	
           4	       react	           1	         -99	           0	           7	     6.99908	    -6.76008	  1.0000e-12	  2.1000e-11	  7.0000e-12	  0.0000e+00	  0.0000e+00	  0.0000e+00	  0.0000e+00	  0.0000e+00	  0.0000e+00	    -10.4151	    -44.3646	    -14.5915	
           4	       react	           1	         -99	           0	           8	      6.9991	    -6.76009	  1.0000e-12	  2.4000e-11	  8.0000e-12	  0.0000e+00	  0.0000e+00	  0.0000e+00	  0.0000e+00	  0.0000e+00	  0.0000e+00	    -10.2991	    -43.9586	    -14.4175	
           4	       react	           1	         -99	           0	           9	     6.99911	    -6.76011	  1.0000e-12	  2.7000e-11	  9.0000e-12	  0.0000e+00	  0.0000e+00	  0.0000e+00	  0.0000e+00	  0.0000e+00	  0.0000e+00	    -10.1967	    -43.6005	    -14.2640	
           4	       react	           1	         -99	           0	          10	     6.99912	    -6.76012	  1.0000e-12	  3.0000e-11	  1.0000e-11	  0.0000e+00	  0.0000e+00	  0.0000e+00	  0.0000e+00	  0.0000e+00	  0.0000e+00	    -10.1052	    -43.2802	    -14.1268	
           4	       react	           1	         -99	           0	          11	     6.99924	    -6.76024	  1.0000e-11	  6.0000e-11	  2.0000e-11	  0.0000e+00	  0.0000e+00	  0.0000e+00	  0.0000e+00	  0.0000e+00	  0.0000e+00	     -9.5030	    -41.1725	    -13.2236	
           4	       react	           1	         -99	           0	          12	     6.99936	    -6.76035	  1.0000e-11	  9.0000e-11	  3.0000e-11	  0.0000e+00	  0.0000e+00	  0.0000e+00	  0.0000e+00	  0.0000e+00	  0.0000e+00	     -9.1506	    -39.9394	    -12.6952	
           4	       react	           1	         -99	           0	          13	     6.99947	    -6.76047	  1.0000e-11	  1.2000e-10	  4.0000e-11	  0.0000e+00	  0.0000e+00	  0.0000e+00	  0.0000e+00	  0.0000e+00	  0.0000e+00	     -8.9006	    -39.0644	    -12.3203	
           4	       react	           1	         -99	           0	          14	     6.99959	    -6.76059	  1.0000e-11	  1.5000e-10	  5.0000e-11	  0.0000e+00	  0.0000e+00	  0.0000e+00	  0.0000e+00	  0.0000e+00	  0.0000e+00	     -8.7066	    -38.3856	    -12.0294	
           4	       react	           1	         -99	           0	          15	     6.99971	    -6.76071	  1.0000e-11	  1.8000e-10	  6.0000e-11	  0.0000e+00	  0.0000e+00	  0.0000e+00	  0.0000e+00	  0.0000e+00	  0.0000e+00	     -8.5481	    -37.8309	    -11.7918	
           4	       react	           1	         -99	           0	          16	     6.99983	    -6.76083	  1.0000e-11	  2.1000e-10	  7.0000e-11	  0.0000e+00	  0.0000e+00	  0.0000e+00	  0.0000e+00	  0.0000e+00	  0.0000e+00	     -8.4140	    -37.3618	    -11.5908	
           4	       react	           1	         -99	           0	          17	     6.99995	    -6.76095	  1.0000e-11	  2.4000e-10	  8.0000e-11	  0.0000e+00	  0.0000e+00	  0.0000e+00	  0.0000e+00	  0.0000e+00	  0.0000e+00	     -8.2978	    -36.9554	    -11.4168	
           4	       react	           1	         -99	           0	          18	     7.00006	    -6.76106	  1.0000e-11	  2.7000e-10	  9.0000e-11	  0.0000e+00	  0.0000e+00	  0.0000e+00	  0.0000e+00	  0.0000e+00	  0.0000e+00	     -8.1954	    -36.5969	    -11.2632	
           4	       react	           1	         -99	           0	          19	     7.00018	    -6.76118	  1.0000e-11	  3.0000e-10	  1.0000e-10	  0.0000e+00	  0.0000e+00	  0.0000e+00	  0.0000e+00	  0.0000e+00	  0.0000e+00	     -8.1037	    -36.2762	    -11.1258	
           4	       react	           1	         -99	           0	          20	      7.0003	     -6.7613	  1.0000e-11	  3.3000e-10	  1.1000e-10	  0.0000e+00	  0.0000e+00	  0.0000e+00	  0.0000e+00	  0.0000e+00	  0.0000e+00	     -8.0207	    -35.9860	    -11.0015	
           4	       react	           1	         -99	           0	          21	     7.00148	    -6.76248	  1.0000e-10	  6.3000e-10	  2.1000e-10	  0.0000e+00	  0.0000e+00	  0.0000e+00	  0.0000e+00	  0.0000e+00	  0.0000e+00	     -7.4574	    -34.0157	    -10.1580	
           4	       react	           1	         -99	           0	          22	     7.00266	    -6.76366	  1.0000e-10	  9.3000e-10	  3.1000e-10	  0.0000e+00	  0.0000e+00	  0.0000e+00	  0.0000e+00	  0.0000e+00	  0.0000e+00	     -7.1174	    -32.8273	     -9.6495	
           4	       react	           1	         -99	           0	          23	     7.00385	    -6.76485	  1.0000e-10	  1.2300e-09	  4.1000e-10	  0.0000e+00	  0.0000e+00	  0.0000e+00	  0.0000e+00	  0.0000e+00	  0.0000e+00	     -6.8728	    -31.9729	     -9.2842	
           4	       react	           1	         -99	           0	          24	     7.00503	    -6.76603	  1.0000e-10	  1.5300e-09	  5.1000e-10	  0.0000e+00	  0.0000e+00	  0.0000e+00	  0.0000e+00	  0.0000e+00	  0.0000e+00	     -6.6816	    -31.3050	     -8.9988	
           4	       react	           1	         -99	           0	          25	     7.00621	    -6.76721	  1.0000e-10	  1.8300e-09	  6.1000e-10	  0.0000e+00	  0.0000e+00	  0.0000e+00	  0.0000e+00	  0.0000e+00	  0.0000e+00	     -6.5244	    -30.7562	     -8.7645	
           4	       react	           1	         -99	           0	          26	     7.00739	    -6.76839	  1.0000e-10	  2.1300e-09	  7.1000e-10	  0.0000e+00	  0.0000e+00	  0.0000e+00	  0.0000e+00	  0.0000e+00	  0.0000e+00	     -6.3908	    -30.2903	     -8.5657	
           4	       react	           1	         -99	           0	          27	     7.00857	    -6.76957	  1.0000e-10	  2.4300e-09	  8.1000e-10	  0.0000e+00	  0.0000e+00	  0.0000e+00	  0.0000e+00	  0.0000e+00	  0.0000e+00	     -6.2747	    -29.8853	     -8.3930	
           4	       react	           1	         -99	           0	          28	     7.00975	    -6.77075	  1.0000e-10	  2.7300e-09	  9.1000e-10	  0.0000e+00	  0.0000e+00	  0.0000e+00	  0.0000e+00	  0.0000e+00	  0.0000e+00	     -6.1718	    -29.5270	     -8.2403	
           4	       react	           1	         -99	           0	          29	     7.01093	    -6.77193	  1.0000e-10	  3.0300e-09	  1.0100e-09	  0.0000e+00	  0.0000e+00	  0.0000e+00	  0.0000e+00	  0.0000e+00	  0.0000e+00	     -6.0796	    -29.2056	     -8.1034	
           4	       react	           1	         -99	           0	          30	      7.0121	    -6.77311	  1.0000e-10	  3.3300e-09	  1.1100e-09	  0.0000e+00	  0.0000e+00	  0.0000e+00	  0.0000e+00	  0.0000e+00	  0.0000e+00	     -5.9959	    -28.9142	     -7.9794	
           4	       react	           1	         -99	           0	          31	     7.02387	    -6.78487	  1.0000e-09	  6.3300e-09	  2.1100e-09	  0.0000e+00	  0.0000e+00	  0.0000e+00	  0.0000e+00	  0.0000e+00	  0.0000e+00	     -5.4212	    -26.9177	     -7.1324	
           4	       react	           1	         -99	           0	          32	     7.03558	    -6.79659	  1.0000e-09	  9.3300e-09	  3.1100e-09	  0.0000e+00	  0.0000e+00	  0.0000e+00	  0.0000e+00	  0.0000e+00	  0.0000e+00	     -5.0676	    -25.6951	     -6.6170	
           4	       react	           1	         -99	           0	          33	     7.04724	    -6.80825	  1.0000e-09	  1.2330e-08	  4.1100e-09	  0.0000e+00	  0.0000e+00	  0.0000e+00	  0.0000e+00	  0.0000e+00	  0.0000e+00	     -4.8089	    -24.8048	     -6.2440	
           4	       react	           1	         -99	           0	          34	     7.05884	    -6.81985	  1.0000e-09	  1.5330e-08	  5.1100e-09	  0.0000e+00	  0.0000e+00	  0.0000e+00	  0.0000e+00	  0.0000e+00	  0.0000e+00	     -4.6034	    -24.1006	     -5.9508	
           4	       react	           1	         -99	           0	          35	     7.07037	    -6.83138	  1.0000e-09	  1.8330e-08	  6.1100e-09	  0.0000e+00	  0.0000e+00	  0.0000e+00	  0.0000e+00	  0.0000e+00	  0.0000e+00	     -4.4321	    -23.5158	     -5.7087	
           4	       react	           1	         -99	           0	          36	     7.08182	    -6.84283	  1.0000e-09	  2.1330e-08	  7.1100e-09	  0.0000e+00	  0.0000e+00	  0.0000e+00	  0.0000e+00	  0.0000e+00	  0.0000e+00	     -4.2845	    -23.0141	     -5.5021	
           4	       react	           1	         -99	           0	          37	     7.09319	     -6.8542	  1.0000e-09	  2.4330e-08	  8.1100e-09	  0.0000e+00	  0.0000e+00	  0.0000e+00	  0.0000e+00	  0.0000e+00	  0.0000e+00	     -4.1544	    -22.5737	     -5.3219	
           4	       react	           1	         -99	           0	          38	     7.10447	    -6.86549	  1.0000e-09	  2.7330e-08	  9.1100e-09	  0.0000e+00	  0.0000e+00	  0.0000e+00	  0.0000e+00	  0.0000e+00	  0.0000e+00	     -4.0379	    -22.1806	     -5.1618	
           4	       react	           1	         -99	           0	          39	     7.11565	    -6.87667	  1.0000e-09	  3.0330e-08	  1.0110e-08	  0.0000e+00	  0.0000e+00	  0.0000e+00	  0.0000e+00	  0.0000e+00	  0.0000e+00	     -3.9321	    -21.8250	     -5.0178	
           4	       react	           1	         -99	           0	          40	     7.12674	    -6.88776	  1.0000e-09	  3.3330e-08	  1.1110e-08	  0.0000e+00	  0.0000e+00	  0.0000e+00	  0.0000e+00	  0.0000e+00	  0.0000e+00	     -3.8351	    -21.4999	     -4.8868	
           4	       react	           1	         -99	           0	          41	     7.23139	    -6.99243	  1.0000e-08	  6.3330e-08	  2.1110e-08	  0.0000e+00	  0.0000e+00	  0.0000e+00	  0.0000e+00	  0.0000e+00	  0.0000e+00	     -3.1387	    -19.2020	     -3.9816	
           4	       react	           1	         -99	           0	          42	     7.32381	    -7.08487	  1.0000e-08	  9.3330e-08	  3.1110e-08	  0.0000e+00	  0.0000e+00	  0.0000e+00	  0.0000e+00	  0.0000e+00	  0.0000e+00	     -2.6851	    -17.7401	     -3.4269	
           4	       react	           1	         -99	           0	          43	     7.40454	    -7.16562	  1.0000e-08	  1.2333e-07	  4.1110e-08	  0.0000e+00	  0.0000e+00	  0.0000e+00	  0.0000e+00	  0.0000e+00	  0.0000e+00	     -2.3453	    -16.6626	     -3.0291	
           4	       react	           1	         -99	           0	          44	     7.47519	    -7.23628	  1.0000e-08	  1.5333e-07	  5.1110e-08	  0.0000e+00	  0.0000e+00	  0.0000e+00	  0.0000e+00	  0.0000e+00	  0.0000e+00	     -2.0739	    -15.8122	     -2.7214	
           4	       react	           1	         -99	           0	          45	     7.53746	    -7.29858	  1.0000e-08	  1.8333e-07	  6.1110e-08	  0.0000e+00	  0.0000e+00	  0.0000e+00	  0.0000e+00	  0.0000e+00	  0.0000e+00	     -1.8486	    -15.1125	     -2.4723	
           4	       react	           1	         -99	           0	          46	     7.59285	    -7.35399	  1.0000e-08	  2.1333e-07	  7.1110e-08	  0.0000e+00	  0.0000e+00	  0.0000e+00	  0.0000e+00	  0.0000e+00	  0.0000e+00	     -1.6565	    -14.5201	     -2.2641	
           4	       react	           1	         -99	           0	          47	     7.64258	    -7.40373	  1.0000e-08	  2.4333e-07	  8.1110e-08	  0.0000e+00	  0.0000e+00	  0.0000e+00	  0.0000e+00	  0.0000e+00	  0.0000e+00	     -1.4895	    -14.0080	     -2.0860	
           4	       react	           1	         -99	           0	          48	     7.68759	    -7.44876	  1.0000e-08	  2.7333e-07	  9.1110e-08	  0.0000e+00	  0.0000e+00	  0.0000e+00	  0.0000e+00	  0.0000e+00	  0.0000e+00	     -1.3420	    -13.5579	     -1.9308	
           4	       react	           1	         -99	           0	          49	     7.72865	    -7.48984	  1.0000e-08	  3.0333e-07	  1.0111e-07	  0.0000e+00	  0.0000e+00	  0.0000e+00	  0.0000e+00	  0.0000e+00	  0.0000e+00	     -1.2102	    -13.1572	     -1.7938	
           4	       react	           1	         -99	           0	          50	     7.76636	    -7.52757	  1.0000e-08	  3.3333e-07	  1.1111e-07	  0.0000e+00	  0.0000e+00	  0.0000e+00	  0.0000e+00	  0.0000e+00	  0.0000e+00	     -1.0911	    -12.7966	     -1.6713	
           4	       react	           1	         -99	           0	          51	     8.03194	    -7.79337	  1.0000e-07	  6.3333e-07	  2.1111e-07	  0.0000e+00	  0.0000e+00	  0.0000e+00	  0.0000e+00	  0.0000e+00	  0.0000e+00	     -0.2960	    -10.4192	     -0.8842	
           4	       react	           1	         -99	           0	          52	     8.17337	    -7.93499	  1.0000e-07	  8.6139e-07	  2.3917e-07	  7.1943e-08	  7.1943e-08	  0.0000e+00	  0.0000e+00	  0.0000e+00	  0.0000e+00	      0.0000	     -9.6460	     -0.7030	
           4	       react	           1	         -99	           0	          53	     8.25621	      -8.018	  1.0000e-07	  1.0024e-06	  1.8021e-07	  2.3090e-07	  1.5896e-07	  0.0000e+00	  0.0000e+00	  0.0000e+00	  0.0000e+00	      0.0000	     -9.8736	     -0.9306	
           4	       react	           1	         -99	           0	          54	     8.32925	    -8.09123	  1.0000e-07	  1.1620e-06	  1.3980e-07	  3.7131e-07	  1.4041e-07	  0.0000e+00	  0.0000e+00	  0.0000e+00	  0.0000e+00	      0.0000	    -10.0797	     -1.1367	
           4	       react	           1	         -99	           0	          55	     8.39356	    -8.15571	  1.0000e-07	  1.3340e-06	  1.1178e-07	  4.9933e-07	  1.2801e-07	  0.0000e+00	  0.0000e+00	  0.0000e+00	  0.0000e+00	     -0.0000	    -10.2640	     -1.3210	
           4	       react	           1	         -99	           0	          56	      8.4504	    -8.21274	  1.0000e-07	  1.5141e-06	  9.1890e-08	  6.1922e-07	  1.1989e-07	  0.0000e+00	  0.0000e+00	  0.0000e+00	  0.0000e+00	      0.0000	    -10.4285	     -1.4855	
           4	       react	           1	         -99	           0	          57	     8.50101	    -8.26352	  1.0000e-07	  1.6996e-06	  7.7358e-08	  7.3375e-07	  1.1453e-07	  0.0000e+00	  0.0000e+00	  0.0000e+00	  0.0000e+00	     -0.0000	    -10.5756	     -1.6326	
           4	       react	           1	         -99	           0	          58	     8.54641	    -8.30911	  1.0000e-07	  1.8887e-06	  6.6445e-08	  8.4466e-07	  1.1091e-07	  0.0000e+00	  0.0000e+00	  0.0000e+00	  0.0000e+00	      0.0000	    -10.7081	     -1.7651	
           4	       react	           1	         -99	           0	          59	     8.58747	    -8.35035	  1.0000e-07	  2.0803e-06	  5.8040e-08	  9.5307e-07	  1.0841e-07	  0.0000e+00	  0.0000e+00	  0.0000e+00	  0.0000e+00	      0.0000	    -10.8281	     -1.8851	
           4	       react	           1	         -99	           0	          60	     8.62487	    -8.38793	  1.0000e-07	  2.2736e-06	  5.1417e-08	  1.0597e-06	  1.0662e-07	  0.0000e+00	  0.0000e+00	  0.0000e+00	  0.0000e+00	      0.0000	    -10.9374	     -1.9944	
           4	       react	           1	         -99	           0	          61	     8.88026	    -8.64513	  1.0000e-06	  4.2461e-06	  2.3842e-08	  2.0873e-06	  1.0276e-06	  0.0000e+00	  0.0000e+00	  0.0000e+00	  0.0000e+00	      0.0000	    -11.6825	     -2.7395	
           4	       react	           1	         -99	           0	          62	     9.03234	    -8.79902	  1.0000e-06	  6.2381e-06	  1.5891e-08	  3.0952e-06	  1.0080e-06	  0.0000e+00	  0.0000e+00	  0.0000e+00	  0.0000e+00	     -0.0000	    -12.1223	     -3.1793	
           4	       react	           1	         -99	           0	          63	     9.13987	    -8.90833	  1.0000e-06	  8.2344e-06	  1.2216e-08	  4.0989e-06	  1.0037e-06	  0.0000e+00	  0.0000e+00	  0.0000e+00	  0.0000e+00	     -0.0000	    -12.4305	     -3.4875	
           4	       react	           1	         -99	           0	          64	     9.22274	    -8.99297	  1.0000e-06	  1.0232e-05	  1.0109e-08	  5.1010e-06	  1.0021e-06	  0.0000e+00	  0.0000e+00	  0.0000e+00	  0.0000e+00	     -0.0000	    -12.6662	     -3.7232	
           4	       react	           1	         -99	           0	          65	        9.29	      -9.062	  1.0000e-06	  1.2231e-05	  8.7433e-09	  6.1024e-06	  1.0014e-06	  0.0000e+00	  0.0000e+00	  0.0000e+00	  0.0000e+00	     -0.0000	    -12.8564	     -3.9134	
           4	       react	           1	         -99	           0	          66	     9.34654	    -9.12028	  1.0000e-06	  1.4230e-05	  7.7851e-09	  7.1033e-06	  1.0010e-06	  0.0000e+00	  0.0000e+00	  0.0000e+00	  0.0000e+00	     -0.0000	    -13.0154	     -4.0724	
           4	       react	           1	         -99	           0	          67	     9.39525	    -9.17073	  1.0000e-06	  1.6229e-05	  7.0746e-09	  8.1040e-06	  1.0007e-06	  0.0000e+00	  0.0000e+00	  0.0000e+00	  0.0000e+00	      0.0000	    -13.1517	     -4.2087	
           4	       react	           1	         -99	           0	          68	     9.43802	    -9.21521	  1.0000e-06	  1.8229e-05	  6.5259e-09	  9.1046e-06	  1.0005e-06	  0.0000e+00	  0.0000e+00	  0.0000e+00	  0.0000e+00	      0.0000	    -13.2709	     -4.3279	
           4	       react	           1	         -99	           0	          69	     9.47611	    -9.25501	  1.0000e-06	  2.0228e-05	  6.0887e-09	  1.0105e-05	  1.0004e-06	  0.0000e+00	  0.0000e+00	  0.0000e+00	  0.0000e+00	      0.0000	    -13.3767	     -4.4337	
           4	       react	           1	         -99	           0	          70	     9.51044	    -9.29103	  1.0000e-06	  2.2228e-05	  5.7318e-09	  1.1105e-05	  1.0004e-06	  0.0000e+00	  0.0000e+00	  0.0000e+00	  0.0000e+00	      0.0000	    -13.4718	     -4.5288	
           4	       react	           1	         -99	           0	          71	     9.73984	    -9.53666	  1.0000e-05	  4.2226e-05	  4.0217e-09	  2.1107e-05	  1.0002e-05	  0.0000e+00	  0.0000e+00	  0.0000e+00	  0.0000e+00	     -0.0000	    -14.1017	     -5.1587	
           4	       react	           1	         -99	           0	          72	     9.87443	    -9.68635	  1.0000e-05	  6.2226e-05	  3.3919e-09	  3.1108e-05	  1.0001e-05	  0.0000e+00	  0.0000e+00	  0.0000e+00	  0.0000e+00	      0.0000	    -14.4702	     -5.5272	
           4	       react	           1	         -99	           0	          73	     9.96857	     -9.7946	  1.0000e-05	  8.2226e-05	  3.0540e-09	  4.1108e-05	  1.0000e-05	  0.0000e+00	  0.0000e+00	  0.0000e+00	  0.0000e+00	      0.0000	    -14.7304	     -5.7874	
           4	       react	           1	         -99	           0	          74	       10.04	    -9.87933	  1.0000e-05	  1.0223e-04	  2.8379e-09	  5.1108e-05	  1.0000e-05	  0.0000e+00	  0.0000e+00	  0.0000e+00	  0.0000e+00	      0.0000	    -14.9309	     -5.9879	
           4	       react	           1	         -99	           0	          75	      10.097	    -9.94876	  1.0000e-05	  1.2223e-04	  2.6843e-09	  6.1108e-05	  1.0000e-05	  0.0000e+00	  0.0000e+00	  0.0000e+00	  0.0000e+00	     -0.0000	    -15.0937	     -6.1507	
           4	       react	           1	         -99	           0	          76	     10.1438	    -10.0074	  1.0000e-05	  1.4223e-04	  2.5672e-09	  7.1109e-05	  1.0000e-05	  0.0000e+00	  0.0000e+00	  0.0000e+00	  0.0000e+00	     -0.0000	    -15.2305	     -6.2875	
           4	       react	           1	         -99	           0	          77	     10.1833	    -10.0581	  1.0000e-05	  1.6223e-04	  2.4732e-09	  8.1109e-05	  1.0000e-05	  0.0000e+00	  0.0000e+00	  0.0000e+00	  0.0000e+00	      0.0000	    -15.3482	     -6.4052	
           4	       react	           1	         -99	           0	          78	     10.2171	    -10.1025	  1.0000e-05	  1.8223e-04	  2.3949e-09	  9.1109e-05	  1.0000e-05	  0.0000e+00	  0.0000e+00	  0.0000e+00	  0.0000e+00	     -0.0000	    -15.4515	     -6.5085	
           4	       react	           1	         -99	           0	          79	     10.2465	    -10.1421	  1.0000e-05	  2.0223e-04	  2.3278e-09	  1.0111e-04	  1.0000e-05	  0.0000e+00	  0.0000e+00	  0.0000e+00	  0.0000e+00	      0.0000	    -15.5434	     -6.6004	
           4	       react	           1	         -99	           0	          80	     10.2723	    -10.1777	  1.0000e-05	  2.2223e-04	  2.2689e-09	  1.1111e-04	  1.0000e-05	  0.0000e+00	  0.0000e+00	  0.0000e+00	  0.0000e+00	     -0.0000	    -15.6261	     -6.6831	
           4	       react	           1	         -99	           0	          81	     10.4275	    -10.4116	  1.0000e-04	  4.2223e-04	  1.8905e-09	  2.1111e-04	  1.0000e-04	  0.0000e+00	  0.0000e+00	  0.0000e+00	  0.0000e+00	      0.0000	    -16.1783	     -7.2353	
           4	       react	           1	         -99	           0	          82	     10.5032	     -10.545	  1.0000e-04	  6.2224e-04	  1.6626e-09	  3.1111e-04	  1.0000e-04	  0.0000e+00	  0.0000e+00	  0.0000e+00	  0.0000e+00	      0.0000	    -16.5053	     -7.5623	
           4	       react	           1	         -99	           0	          83	     10.5496	    -10.6368	  1.0000e-04	  8.2225e-04	  1.4961e-09	  4.1111e-04	  1.0000e-04	  0.0000e+00	  0.0000e+00	  0.0000e+00	  0.0000e+00	     -0.0000	    -16.7388	     -7.7958	
           4	       react	           1	         -99	           0	          84	     10.5815	    -10.7063	  1.0000e-04	  1.0223e-03	  1.3657e-09	  5.1111e-04	  1.0000e-04	  0.0000e+00	  0.0000e+00	  0.0000e+00	  0.0000e+00	      0.0000	    -16.9209	     -7.9779	
           4	       react	           1	         -99	           0	          85	     10.6049	    -10.7618	  1.0000e-04	  1.2223e-03	  1.2594e-09	  6.1111e-04	  1.0000e-04	  0.0000e+00	  0.0000e+00	  0.0000e+00	  0.0000e+00	      0.0000	    -17.0704	     -8.1274	
           4	       react	           1	         -99	           0	          86	      10.623	    -10.8078	  1.0000e-04	  1.4223e-03	  1.1707e-09	  7.1111e-04	  1.0000e-04	  0.0000e+00	  0.0000e+00	  0.0000e+00	  0.0000e+00	     -0.0000	    -17.1972	     -8.2542	
           4	       react	           1	         -99	           0	          87	     10.6375	     -10.847	  1.0000e-04	  1.6223e-03	  1.0952e-09	  8.1111e-04	  1.0000e-04	  0.0000e+00	  0.0000e+00	  0.0000e+00	  0.0000e+00	     -0.0000	    -17.3073	     -8.3643	
           4	       react	           1	         -99	           0	          88	     10.6493	    -10.8811	  1.0000e-04	  1.8223e-03	  1.0299e-09	  9.1111e-04	  1.0000e-04	  0.0000e+00	  0.0000e+00	  0.0000e+00	  0.0000e+00	      0.0000	    -17.4048	     -8.4618	
           4	       react	           1	         -99	           0	          89	     10.6592	    -10.9111	  1.0000e-04	  2.0224e-03	  9.7289e-10	  1.0111e-03	  1.0000e-04	  0.0000e+00	  0.0000e+00	  0.0000e+00	  0.0000e+00	     -0.0000	    -17.4921	     -8.5491	
           4	       react	           1	         -99	           0	          90	     10.6676	     -10.938	  1.0000e-04	  2.2224e-03	  9.2255e-10	  1.1111e-03	  1.0000e-04	  0.0000e+00	  0.0000e+00	  0.0000e+00	  0.0000e+00	      0.0000	    -17.5713	     -8.6283	
           4	       react	           1	         -99	           0	          91	     10.7125	    -11.1122	  1.0000e-03	  4.2229e-03	  6.2064e-10	  2.1111e-03	  1.0000e-03	  0.0000e+00	  0.0000e+00	  0.0000e+00	  0.0000e+00	     -0.0000	    -18.1121	     -9.1691	
           4	       react	           1	         -99	           0	          92	     10.7312	    -11.2114	  1.0000e-03	  6.2236e-03	  4.7724e-10	  3.1111e-03	  1.0000e-03	  0.0000e+00	  0.0000e+00	  0.0000e+00	  0.0000e+00	     -0.0000	    -18.4403	     -9.4973	
           4	       react	           1	         -99	           0	          93	     10.7416	    -11.2805	  1.0000e-03	  8.2247e-03	  3.9237e-10	  4.1111e-03	  1.0000e-03	  0.0000e+00	  0.0000e+00	  0.0000e+00	  0.0000e+00	     -0.0000	    -18.6767	     -9.7337	
           4	       react	           1	         -99	           0	          94	     10.7483	    -11.3333	  1.0000e-03	  1.0226e-02	  3.3589e-10	  5.1111e-03	  1.0000e-03	  0.0000e+00	  0.0000e+00	  0.0000e+00	  0.0000e+00	      0.0000	    -18.8615	     -9.9185	
           4	       react	           1	         -99	           0	          95	      10.753	    -11.3762	  1.0000e-03	  1.2228e-02	  2.9542e-10	  6.1111e-03	  1.0000e-03	  0.0000e+00	  0.0000e+00	  0.0000e+00	  0.0000e+00	      0.0000	    -19.0133	    -10.0703	
           4	       react	           1	         -99	           0	          96	     10.7566	    -11.4121	  1.0000e-03	  1.4230e-02	  2.6488e-10	  7.1111e-03	  1.0000e-03	  0.0000e+00	  0.0000e+00	  0.0000e+00	  0.0000e+00	      0.0000	    -19.1421	    -10.1991	
           4	       react	           1	         -99	           0	          97	     10.7594	    -11.4431	  1.0000e-03	  1.6232e-02	  2.4097e-10	  8.1111e-03	  1.0000e-03	  0.0000e+00	  0.0000e+00	  0.0000e+00	  0.0000e+00	      0.0000	    -19.2540	    -10.3110	
           4	       react	           1	         -99	           0	          98	     10.7617	    -11.4703	  1.0000e-03	  1.8234e-02	  2.2169e-10	  9.1111e-03	  1.0000e-03	  0.0000e+00	  0.0000e+00	  0.0000e+00	  0.0000e+00	      0.0000	    -19.3528	    -10.4098	
           4	       react	           1	         -99	           0	          99	     10.7635	    -11.4946	  1.0000e-03	  2.0237e-02	  2.0580e-10	  1.0111e-02	  1.0000e-03	  0.0000e+00	  0.0000e+00	  0.0000e+00	  0.0000e+00	     -0.0000	    -19.4413	    -10.4983	
           4	       react	           1	         -99	           0	         100	     10.7651	    -11.5165	  1.0000e-03	  2.2240e-02	  1.9245e-10	  1.1111e-02	  1.0000e-03	  0.0000e+00	  0.0000e+00	  0.0000e+00	  0.0000e+00	      0.0000	    -19.5215	    -10.5785	
           4	       react	           1	         -99	           0	         101	      10.774	    -11.6643	  1.0000e-02	  4.2287e-02	  1.2330e-10	  2.1111e-02	  1.0000e-02	  0.0000e+00	  0.0000e+00	  0.0000e+00	  0.0000e+00	     -0.0000	    -20.0669	    -11.1239	
           4	       react	           1	         -99	           0	         102	     10.7783	    -11.7531	  1.0000e-02	  6.2362e-02	  9.5430e-11	  3.1111e-02	  1.0000e-02	  0.0000e+00	  0.0000e+00	  0.0000e+00	  0.0000e+00	      0.0000	    -20.3963	    -11.4533	
           4	       react	           1	         -99	           0	         103	     10.7812	    -11.8169	  1.0000e-02	  8.2467e-02	  7.9907e-11	  4.1111e-02	  1.0000e-02	  0.0000e+00	  0.0000e+00	  0.0000e+00	  0.0000e+00	      0.0000	    -20.6331	    -11.6901	
           4	       react	           1	         -99	           0	         104	     10.7835	     -11.867	  1.0000e-02	  1.0260e-01	  6.9817e-11	  5.1111e-02	  1.0000e-02	  0.0000e+00	  0.0000e+00	  0.0000e+00	  0.0000e+00	      0.0000	    -20.8183	    -11.8753	
           4	       react	           1	         -99	           0	         105	     10.7853	    -11.9082	  1.0000e-02	  1.2276e-01	  6.2628e-11	  6.1111e-02	  1.0000e-02	  0.0000e+00	  0.0000e+00	  0.0000e+00	  0.0000e+00	      0.0000	    -20.9704	    -12.0274	
           4	       react	           1	         -99	           0	         106	     10.7869	    -11.9433	  1.0000e-02	  1.4295e-01	  5.7182e-11	  7.1111e-02	  1.0000e-02	  0.0000e+00	  0.0000e+00	  0.0000e+00	  0.0000e+00	     -0.0000	    -21.0996	    -12.1566	
           4	       react	           1	         -99	           0	         107	     10.7884	    -11.9739	  1.0000e-02	  1.6318e-01	  5.2873e-11	  8.1111e-02	  1.0000e-02	  0.0000e+00	  0.0000e+00	  0.0000e+00	  0.0000e+00	     -0.0000	    -21.2120	    -12.2690	
           4	       react	           1	         -99	           0	         108	     10.7897	    -12.0011	  1.0000e-02	  1.8343e-01	  4.9350e-11	  9.1111e-02	  1.0000e-02	  0.0000e+00	  0.0000e+00	  0.0000e+00	  0.0000e+00	      0.0000	    -21.3114	    -12.3684	
           4	       react	           1	         -99	           0	         109	     10.7909	    -12.0255	  1.0000e-02	  2.0371e-01	  4.6395e-11	  1.0111e-01	  1.0000e-02	  0.0000e+00	  0.0000e+00	  0.0000e+00	  0.0000e+00	     -0.0000	    -21.4007	    -12.4577	
           4	       react	           1	         -99	           0	         110	      10.792	    -12.0478	  1.0000e-02	  2.2402e-01	  4.3866e-11	  1.1111e-01	  1.0000e-02	  0.0000e+00	  0.0000e+00	  0.0000e+00	  0.0000e+00	      0.0000	    -21.4817	    -12.5387	
