         sim	       state	        soln	      dist_x	        time	        step	          pH	          pe	    reaction	          Fe	           S	 Mackinawite	d_Mackinawite	    Greigite	  d_Greigite	      Pyrite	    d_Pyrite	si_Mackinawite	 si_Greigite	   si_Pyrite	si_Pyrrhotite	
           2	       react	           1	         -99	           0	           1	     10.0484	       -6.76	  1.0000e-12	  3.0000e-12	  1.0000e-12	  0.0000e+00	  0.0000e+00	  0.0000e+00	  0.0000e+00	  0.0000e+00	  0.0000e+00	    -14.7947	    -53.9465	    -16.6680	    -13.6862	
           2	       react	           1	         -99	           0	           2	           8	       -6.76	  1.0000e-12	  6.0000e-12	  2.0000e-12	  0.0000e+00	  0.0000e+00	  0.0000e+00	  0.0000e+00	  0.0000e+00	  0.0000e+00	    -12.9663	    -47.6071	    -13.9853	    -11.8579	
           2	       react	           1	         -99	           0	           3	           8	       -6.76	  1.0000e-12	  9.0000e-12	  3.0000e-12	  0.0000e+00	  0.0000e+00	  0.0000e+00	  0.0000e+00	  0.0000e+00	  0.0000e+00	    -12.6141	    -46.3745	    -13.4570	    -11.5057	
           2	       react	           1	         -99	           0	           4	           8	       -6.76	  1.0000e-12	  1.2000e-11	  4.0000e-12	  0.0000e+00	  0.0000e+00	  0.0000e+00	  0.0000e+00	  0.0000e+00	  0.0000e+00	    -12.3642	    -45.4999	    -13.0822	    -11.2558	
           2	       react	           1	         -99	           0	           5	           8	       -6.76	  1.0000e-12	  1.5000e-11	  5.0000e-12	  0.0000e+00	  0.0000e+00	  0.0000e+00	  0.0000e+00	  0.0000e+00	  0.0000e+00	    -12.1704	    -44.8215	    -12.7915	    -11.0620	
           2	       react	           1	         -99	           0	           6	           8	       -6.76	  1.0000e-12	  1.8000e-11	  6.0000e-12	  0.0000e+00	  0.0000e+00	  0.0000e+00	  0.0000e+00	  0.0000e+00	  0.0000e+00	    -12.0120	    -44.2673	    -12.5540	    -10.9036	
           2	       react	           1	         -99	           0	           7	           8	       -6.76	  1.0000e-12	  2.1000e-11	  7.0000e-12	  0.0000e+00	  0.0000e+00	  0.0000e+00	  0.0000e+00	  0.0000e+00	  0.0000e+00	    -11.8782	    -43.7986	    -12.3531	    -10.7697	
           2	       react	           1	         -99	           0	           8	           8	       -6.76	  1.0000e-12	  2.4000e-11	  8.0000e-12	  0.0000e+00	  0.0000e+00	  0.0000e+00	  0.0000e+00	  0.0000e+00	  0.0000e+00	    -11.7622	    -43.3927	    -12.1791	    -10.6537	
           2	       react	           1	         -99	           0	           9	           8	       -6.76	  1.0000e-12	  2.7000e-11	  9.0000e-12	  0.0000e+00	  0.0000e+00	  0.0000e+00	  0.0000e+00	  0.0000e+00	  0.0000e+00	    -11.6599	    -43.0346	    -12.0257	    -10.5514	
           2	       react	           1	         -99	           0	          10	           8	       -6.76	  1.0000e-12	  3.0000e-11	  1.0000e-11	  0.0000e+00	  0.0000e+00	  0.0000e+00	  0.0000e+00	  0.0000e+00	  0.0000e+00	    -11.5684	    -42.7143	    -11.8884	    -10.4599	
           2	       react	           1	         -99	           0	          11	           8	       -6.76	  1.0000e-11	  6.0000e-11	  2.0000e-11	  0.0000e+00	  0.0000e+00	  0.0000e+00	  0.0000e+00	  0.0000e+00	  0.0000e+00	    -10.9663	    -40.6071	    -10.9853	     -9.8579	
           2	       react	           1	         -99	           0	          12	           8	       -6.76	  1.0000e-11	  9.0000e-11	  3.0000e-11	  0.0000e+00	  0.0000e+00	  0.0000e+00	  0.0000e+00	  0.0000e+00	  0.0000e+00	    -10.6141	    -39.3745	    -10.4570	     -9.5057	
           2	       react	           1	         -99	           0	          13	           8	       -6.76	  1.0000e-11	  1.2000e-10	  4.0000e-11	  0.0000e+00	  0.0000e+00	  0.0000e+00	  0.0000e+00	  0.0000e+00	  0.0000e+00	    -10.3642	    -38.4999	    -10.0822	     -9.2558	
           2	       react	           1	         -99	           0	          14	           8	       -6.76	  1.0000e-11	  1.5000e-10	  5.0000e-11	  0.0000e+00	  0.0000e+00	  0.0000e+00	  0.0000e+00	  0.0000e+00	  0.0000e+00	    -10.1704	    -37.8215	     -9.7915	     -9.0620	
           2	       react	           1	         -99	           0	          15	           8	       -6.76	  1.0000e-11	  1.8000e-10	  6.0000e-11	  0.0000e+00	  0.0000e+00	  0.0000e+00	  0.0000e+00	  0.0000e+00	  0.0000e+00	    -10.0120	    -37.2673	     -9.5540	     -8.9036	
           2	       react	           1	         -99	           0	          16	           8	       -6.76	  1.0000e-11	  2.1000e-10	  7.0000e-11	  0.0000e+00	  0.0000e+00	  0.0000e+00	  0.0000e+00	  0.0000e+00	  0.0000e+00	     -9.8782	    -36.7986	     -9.3531	     -8.7697	
           2	       react	           1	         -99	           0	          17	           8	       -6.76	  1.0000e-11	  2.4000e-10	  8.0000e-11	  0.0000e+00	  0.0000e+00	  0.0000e+00	  0.0000e+00	  0.0000e+00	  0.0000e+00	     -9.7622	    -36.3927	     -9.1791	     -8.6537	
           2	       react	           1	         -99	           0	          18	           8	       -6.76	  1.0000e-11	  2.7000e-10	  9.0000e-11	  0.0000e+00	  0.0000e+00	  0.0000e+00	  0.0000e+00	  0.0000e+00	  0.0000e+00	     -9.6599	    -36.0346	     -9.0257	     -8.5514	
           2	       react	           1	         -99	           0	          19	           8	       -6.76	  1.0000e-11	  3.0000e-10	  1.0000e-10	  0.0000e+00	  0.0000e+00	  0.0000e+00	  0.0000e+00	  0.0000e+00	  0.0000e+00	     -9.5684	    -35.7143	     -8.8884	     -8.4599	
           2	       react	           1	         -99	           0	          20	           8	       -6.76	  1.0000e-11	  3.3000e-10	  1.1000e-10	  0.0000e+00	  0.0000e+00	  0.0000e+00	  0.0000e+00	  0.0000e+00	  0.0000e+00	     -9.4856	    -35.4246	     -8.7642	     -8.3771	
           2	       react	           1	         -99	           0	          21	           8	       -6.76	  1.0000e-10	  6.3000e-10	  2.1000e-10	  0.0000e+00	  0.0000e+00	  0.0000e+00	  0.0000e+00	  0.0000e+00	  0.0000e+00	     -8.9239	    -33.4588	     -7.9218	     -7.8155	
           2	       react	           1	         -99	           0	          22	           8	       -6.76	  1.0000e-10	  9.3000e-10	  3.1000e-10	  0.0000e+00	  0.0000e+00	  0.0000e+00	  0.0000e+00	  0.0000e+00	  0.0000e+00	     -8.5856	    -32.2748	     -7.4143	     -7.4772	
           2	       react	           1	         -99	           0	          23	           8	       -6.76	  1.0000e-10	  1.2300e-09	  4.1000e-10	  0.0000e+00	  0.0000e+00	  0.0000e+00	  0.0000e+00	  0.0000e+00	  0.0000e+00	     -8.3428	    -31.4248	     -7.0501	     -7.2343	
           2	       react	           1	         -99	           0	          24	           8	       -6.76	  1.0000e-10	  1.5300e-09	  5.1000e-10	  0.0000e+00	  0.0000e+00	  0.0000e+00	  0.0000e+00	  0.0000e+00	  0.0000e+00	     -8.1532	    -30.7613	     -6.7657	     -7.0448	
           2	       react	           1	         -99	           0	          25	           8	       -6.76	  1.0000e-10	  1.8300e-09	  6.1000e-10	  0.0000e+00	  0.0000e+00	  0.0000e+00	  0.0000e+00	  0.0000e+00	  0.0000e+00	     -7.9977	    -30.2170	     -6.5324	     -6.8893	
           2	       react	           1	         -99	           0	          26	           8	       -6.76	  1.0000e-10	  2.1300e-09	  7.1000e-10	  0.0000e+00	  0.0000e+00	  0.0000e+00	  0.0000e+00	  0.0000e+00	  0.0000e+00	     -7.8658	    -29.7555	     -6.3346	     -6.7574	
           2	       react	           1	         -99	           0	          27	           8	       -6.76	  1.0000e-10	  2.4300e-09	  8.1000e-10	  0.0000e+00	  0.0000e+00	  0.0000e+00	  0.0000e+00	  0.0000e+00	  0.0000e+00	     -7.7514	    -29.3549	     -6.1630	     -6.6429	
           2	       react	           1	         -99	           0	          28	           8	       -6.76	  1.0000e-10	  2.7300e-09	  9.1000e-10	  0.0000e+00	  0.0000e+00	  0.0000e+00	  0.0000e+00	  0.0000e+00	  0.0000e+00	     -7.6503	    -29.0010	     -6.0113	     -6.5418	
           2	       react	           1	         -99	           0	          29	           8	       -6.76	  1.0000e-10	  3.0300e-09	  1.0100e-09	  0.0000e+00	  0.0000e+00	  0.0000e+00	  0.0000e+00	  0.0000e+00	  0.0000e+00	     -7.5597	    -28.6841	     -5.8754	     -6.4513	
           2	       react	           1	         -99	           0	          30	           8	       -6.76	  1.0000e-10	  3.3300e-09	  1.1100e-09	  0.0000e+00	  0.0000e+00	  0.0000e+00	  0.0000e+00	  0.0000e+00	  0.0000e+00	     -7.4777	    -28.3971	     -5.7524	     -6.3693	
           2	       react	           1	         -99	           0	          31	           8	       -6.76	  1.0000e-09	  6.3300e-09	  2.1100e-09	  0.0000e+00	  0.0000e+00	  0.0000e+00	  0.0000e+00	  0.0000e+00	  0.0000e+00	     -6.9198	    -26.4443	     -4.9156	     -5.8113	
           2	       react	           1	         -99	           0	          32	           8	       -6.76	  1.0000e-09	  9.3300e-09	  3.1100e-09	  0.0000e+00	  0.0000e+00	  0.0000e+00	  0.0000e+00	  0.0000e+00	  0.0000e+00	     -6.5828	    -25.2650	     -4.4101	     -5.4744	
           2	       react	           1	         -99	           0	          33	           8	       -6.76	  1.0000e-09	  1.2330e-08	  4.1100e-09	  0.0000e+00	  0.0000e+00	  0.0000e+00	  0.0000e+00	  0.0000e+00	  0.0000e+00	     -6.3407	    -24.4174	     -4.0469	     -5.2322	
           2	       react	           1	         -99	           0	          34	           8	       -6.76	  1.0000e-09	  1.5330e-08	  5.1100e-09	  0.0000e+00	  0.0000e+00	  0.0000e+00	  0.0000e+00	  0.0000e+00	  0.0000e+00	     -6.1515	    -23.7554	     -3.7632	     -5.0431	
           2	       react	           1	         -99	           0	          35	           8	       -6.76	  1.0000e-09	  1.8330e-08	  6.1100e-09	  0.0000e+00	  0.0000e+00	  0.0000e+00	  0.0000e+00	  0.0000e+00	  0.0000e+00	     -5.9963	    -23.2120	     -3.5303	     -4.8878	
           2	       react	           1	         -99	           0	          36	           8	       -6.76	  1.0000e-09	  2.1330e-08	  7.1100e-09	  0.0000e+00	  0.0000e+00	  0.0000e+00	  0.0000e+00	  0.0000e+00	  0.0000e+00	     -5.8646	    -22.7512	     -3.3328	     -4.7562	
           2	       react	           1	         -99	           0	          37	           8	       -6.76	  1.0000e-09	  2.4330e-08	  8.1100e-09	  0.0000e+00	  0.0000e+00	  0.0000e+00	  0.0000e+00	  0.0000e+00	  0.0000e+00	     -5.7503	    -22.3512	     -3.1614	     -4.6419	
           2	       react	           1	         -99	           0	          38	           8	       -6.76	  1.0000e-09	  2.7330e-08	  9.1100e-09	  0.0000e+00	  0.0000e+00	  0.0000e+00	  0.0000e+00	  0.0000e+00	  0.0000e+00	     -5.6493	    -21.9977	     -3.0099	     -4.5409	
           2	       react	           1	         -99	           0	          39	           8	       -6.76	  1.0000e-09	  3.0330e-08	  1.0110e-08	  0.0000e+00	  0.0000e+00	  0.0000e+00	  0.0000e+00	  0.0000e+00	  0.0000e+00	     -5.5589	    -21.6811	     -2.8742	     -4.4504	
           2	       react	           1	         -99	           0	          40	           8	       -6.76	  1.0000e-09	  3.3330e-08	  1.1110e-08	  0.0000e+00	  0.0000e+00	  0.0000e+00	  0.0000e+00	  0.0000e+00	  0.0000e+00	     -5.4769	    -21.3943	     -2.7513	     -4.3685	
           2	       react	           1	         -99	           0	          41	           8	       -6.76	  1.0000e-08	  6.3330e-08	  2.1110e-08	  0.0000e+00	  0.0000e+00	  0.0000e+00	  0.0000e+00	  0.0000e+00	  0.0000e+00	     -4.9194	    -19.4430	     -1.9150	     -3.8110	
           2	       react	           1	         -99	           0	          42	           8	       -6.76	  1.0000e-08	  9.3330e-08	  3.1110e-08	  0.0000e+00	  0.0000e+00	  0.0000e+00	  0.0000e+00	  0.0000e+00	  0.0000e+00	     -4.5826	    -18.2641	     -1.4097	     -3.4741	
           2	       react	           1	         -99	           0	          43	           8	       -6.76	  1.0000e-08	  1.2333e-07	  4.1110e-08	  0.0000e+00	  0.0000e+00	  0.0000e+00	  0.0000e+00	  0.0000e+00	  0.0000e+00	     -4.3405	    -17.4168	     -1.0466	     -3.2321	
           2	       react	           1	         -99	           0	          44	           8	       -6.76	  1.0000e-08	  1.5333e-07	  5.1110e-08	  0.0000e+00	  0.0000e+00	  0.0000e+00	  0.0000e+00	  0.0000e+00	  0.0000e+00	     -4.1514	    -16.7549	     -0.7630	     -3.0429	
           2	       react	           1	         -99	           0	          45	           8	       -6.76	  1.0000e-08	  1.8333e-07	  6.1110e-08	  0.0000e+00	  0.0000e+00	  0.0000e+00	  0.0000e+00	  0.0000e+00	  0.0000e+00	     -3.9962	    -16.2117	     -0.5301	     -2.8877	
           2	       react	           1	         -99	           0	          46	           8	       -6.76	  1.0000e-08	  2.1333e-07	  7.1110e-08	  0.0000e+00	  0.0000e+00	  0.0000e+00	  0.0000e+00	  0.0000e+00	  0.0000e+00	     -3.8646	    -15.7510	     -0.3327	     -2.7561	
           2	       react	           1	         -99	           0	          47	           8	       -6.76	  1.0000e-08	  2.4333e-07	  8.1110e-08	  0.0000e+00	  0.0000e+00	  0.0000e+00	  0.0000e+00	  0.0000e+00	  0.0000e+00	     -3.7503	    -15.3511	     -0.1613	     -2.6418	
           2	       react	           1	         -99	           0	          48	           8	       -6.76	  1.0000e-08	  2.7333e-07	  9.1110e-08	  0.0000e+00	  0.0000e+00	  0.0000e+00	  0.0000e+00	  0.0000e+00	  0.0000e+00	     -3.6493	    -14.9976	     -0.0098	     -2.5409	
           2	       react	           1	         -99	           0	          49	           8	       -6.76	  1.0000e-08	  3.0333e-07	  1.0111e-07	  0.0000e+00	  0.0000e+00	  0.0000e+00	  0.0000e+00	  0.0000e+00	  0.0000e+00	     -3.5589	    -14.6811	      0.1258	     -2.4504	
           2	       react	           1	         -99	           0	          50	           8	       -6.76	  1.0000e-08	  3.3333e-07	  1.1111e-07	  0.0000e+00	  0.0000e+00	  0.0000e+00	  0.0000e+00	  0.0000e+00	  0.0000e+00	     -3.4770	    -14.3944	      0.2487	     -2.3685	
           2	       react	           1	         -99	           0	          51	           8	       -6.76	  1.0000e-07	  6.3333e-07	  2.1111e-07	  0.0000e+00	  0.0000e+00	  0.0000e+00	  0.0000e+00	  0.0000e+00	  0.0000e+00	     -2.9196	    -12.4436	      1.0848	     -1.8111	
           2	       react	           1	         -99	           0	          52	           8	       -6.76	  1.0000e-07	  9.3333e-07	  3.1111e-07	  0.0000e+00	  0.0000e+00	  0.0000e+00	  0.0000e+00	  0.0000e+00	  0.0000e+00	     -2.5829	    -11.2653	      1.5898	     -1.4745	
           2	       react	           1	         -99	           0	          53	           8	       -6.76	  1.0000e-07	  1.2333e-06	  4.1111e-07	  0.0000e+00	  0.0000e+00	  0.0000e+00	  0.0000e+00	  0.0000e+00	  0.0000e+00	     -2.3410	    -10.4186	      1.9526	     -1.2326	
           2	       react	           1	         -99	           0	          54	           8	       -6.76	  1.0000e-07	  1.5333e-06	  5.1111e-07	  0.0000e+00	  0.0000e+00	  0.0000e+00	  0.0000e+00	  0.0000e+00	  0.0000e+00	     -2.1521	     -9.7574	      2.2360	     -1.0436	
           2	       react	           1	         -99	           0	          55	           8	       -6.76	  1.0000e-07	  1.8333e-06	  6.1111e-07	  0.0000e+00	  0.0000e+00	  0.0000e+00	  0.0000e+00	  0.0000e+00	  0.0000e+00	     -1.9971	     -9.2150	      2.4684	     -0.8887	
           2	       react	           1	         -99	           0	          56	           8	       -6.76	  1.0000e-07	  2.1333e-06	  7.1111e-07	  0.0000e+00	  0.0000e+00	  0.0000e+00	  0.0000e+00	  0.0000e+00	  0.0000e+00	     -1.8657	     -8.7552	      2.6654	     -0.7573	
           2	       react	           1	         -99	           0	          57	           8	       -6.76	  1.0000e-07	  2.4333e-06	  8.1111e-07	  0.0000e+00	  0.0000e+00	  0.0000e+00	  0.0000e+00	  0.0000e+00	  0.0000e+00	     -1.7517	     -8.3562	      2.8364	     -0.6433	
           2	       react	           1	         -99	           0	          58	           8	       -6.76	  1.0000e-07	  2.7333e-06	  9.1111e-07	  0.0000e+00	  0.0000e+00	  0.0000e+00	  0.0000e+00	  0.0000e+00	  0.0000e+00	     -1.6510	     -8.0039	      2.9874	     -0.5426	
           2	       react	           1	         -99	           0	          59	           8	       -6.76	  1.0000e-07	  3.0333e-06	  1.0111e-06	  0.0000e+00	  0.0000e+00	  0.0000e+00	  0.0000e+00	  0.0000e+00	  0.0000e+00	     -1.5609	     -7.6885	      3.1225	     -0.4525	
           2	       react	           1	         -99	           0	          60	           8	       -6.76	  1.0000e-07	  3.3333e-06	  1.1111e-06	  0.0000e+00	  0.0000e+00	  0.0000e+00	  0.0000e+00	  0.0000e+00	  0.0000e+00	     -1.4793	     -7.4031	      3.2448	     -0.3709	
           2	       react	           1	         -99	           0	          61	           8	       -6.76	  1.0000e-06	  6.2538e-06	  1.9522e-06	  0.0000e+00	  0.0000e+00	  0.0000e+00	  0.0000e+00	  7.9473e-08	  7.9473e-08	     -0.9656	     -5.6204	      4.0000	      0.1429	
           2	       react	           1	         -99	           0	          62	           8	       -6.76	  1.0000e-06	  8.6116e-06	  1.6677e-06	  0.0000e+00	  0.0000e+00	  0.0000e+00	  0.0000e+00	  7.2172e-07	  6.4225e-07	     -0.8962	     -5.4817	      4.0000	      0.2122	
           2	       react	           1	         -99	           0	          63	           8	       -6.76	  1.0000e-06	  1.1017e-05	  1.4779e-06	  0.0000e+00	  0.0000e+00	  0.0000e+00	  0.0000e+00	  1.3166e-06	  5.9490e-07	     -0.8429	     -5.3751	      4.0000	      0.2655	
           2	       react	           1	         -99	           0	          64	           8	       -6.76	  1.0000e-06	  1.3448e-05	  1.3406e-06	  0.0000e+00	  0.0000e+00	  0.0000e+00	  0.0000e+00	  1.8853e-06	  5.6864e-07	     -0.7998	     -5.2888	      4.0000	      0.3086	
           2	       react	           1	         -99	           0	          65	           8	       -6.76	  1.0000e-06	  1.5896e-05	  1.2357e-06	  0.0000e+00	  0.0000e+00	  0.0000e+00	  0.0000e+00	  2.4377e-06	  5.5245e-07	     -0.7637	     -5.2166	      4.0000	      0.3447	
           2	       react	           1	         -99	           0	          66	           8	       -6.76	  1.0000e-06	  1.8354e-05	  1.1523e-06	  0.0000e+00	  0.0000e+00	  0.0000e+00	  0.0000e+00	  2.9794e-06	  5.4170e-07	     -0.7327	     -5.1545	      4.0000	      0.3758	
           2	       react	           1	         -99	           0	          67	           8	       -6.76	  1.0000e-06	  2.0820e-05	  1.0840e-06	  0.0000e+00	  0.0000e+00	  0.0000e+00	  0.0000e+00	  3.5135e-06	  5.3414e-07	     -0.7055	     -5.1002	      4.0000	      0.4029	
           2	       react	           1	         -99	           0	          68	           8	       -6.76	  1.0000e-06	  2.3291e-05	  1.0268e-06	  0.0000e+00	  0.0000e+00	  0.0000e+00	  0.0000e+00	  4.0421e-06	  5.2860e-07	     -0.6813	     -5.0519	      4.0000	      0.4271	
           2	       react	           1	         -99	           0	          69	           8	       -6.76	  1.0000e-06	  2.5767e-05	  9.7803e-07	  0.0000e+00	  0.0000e+00	  0.0000e+00	  0.0000e+00	  4.5665e-06	  5.2440e-07	     -0.6596	     -5.0084	      4.0000	      0.4488	
           2	       react	           1	         -99	           0	          70	           8	       -6.76	  1.0000e-06	  2.6276e-05	  9.6887e-07	  0.0000e+00	  0.0000e+00	  1.9865e-06	  1.9865e-06	  1.0982e-06	 -3.4683e-06	     -0.6554	     -5.0000	      4.0000	      0.4530	
           2	       react	           1	         -99	           0	          71	           8	       -6.76	  1.0000e-05	  4.7968e-05	  6.2441e-07	  0.0000e+00	  0.0000e+00	  5.1217e-06	  3.1352e-06	  0.0000e+00	 -1.0982e-06	     -0.5909	     -5.0000	      3.8710	      0.5176	
           2	       react	           1	         -99	           0	          72	           8	       -6.76	  1.0000e-05	  7.0355e-05	  4.7353e-07	  0.0000e+00	  0.0000e+00	  7.6594e-06	  2.5377e-06	  0.0000e+00	  0.0000e+00	     -0.5501	     -5.0000	      3.7894	      0.5584	
           2	       react	           1	         -99	           0	          73	           8	       -6.76	  1.0000e-05	  9.2791e-05	  3.8842e-07	  0.0000e+00	  0.0000e+00	  1.0181e-05	  2.5213e-06	  0.0000e+00	  0.0000e+00	     -0.5208	     -5.0000	      3.7307	      0.5877	
           2	       react	           1	         -99	           0	          74	           8	       -6.76	  1.0000e-05	  1.1525e-04	  3.3301e-07	  0.0000e+00	  0.0000e+00	  1.2695e-05	  2.5139e-06	  0.0000e+00	  0.0000e+00	     -0.4979	     -5.0000	      3.6850	      0.6105	
           2	       react	           1	         -99	           0	          75	           8	       -6.76	  1.0000e-05	  1.3772e-04	  2.9369e-07	  0.0000e+00	  0.0000e+00	  1.5204e-05	  2.5098e-06	  0.0000e+00	  0.0000e+00	     -0.4792	     -5.0000	      3.6476	      0.6292	
           2	       react	           1	         -99	           0	          76	           8	       -6.76	  1.0000e-05	  1.6020e-04	  2.6416e-07	  0.0000e+00	  0.0000e+00	  1.7712e-05	  2.5074e-06	  0.0000e+00	  0.0000e+00	     -0.4634	     -5.0000	      3.6159	      0.6451	
           2	       react	           1	         -99	           0	          77	           8	       -6.76	  1.0000e-05	  1.8268e-04	  2.4106e-07	  0.0000e+00	  0.0000e+00	  2.0218e-05	  2.5058e-06	  0.0000e+00	  0.0000e+00	     -0.4497	     -5.0000	      3.5886	      0.6588	
           2	       react	           1	         -99	           0	          78	           8	       -6.76	  1.0000e-05	  2.0517e-04	  2.2242e-07	  0.0000e+00	  0.0000e+00	  2.2722e-05	  2.5047e-06	  0.0000e+00	  0.0000e+00	     -0.4376	     -5.0000	      3.5644	      0.6708	
           2	       react	           1	         -99	           0	          79	           8	       -6.76	  1.0000e-05	  2.2765e-04	  2.0703e-07	  0.0000e+00	  0.0000e+00	  2.5226e-05	  2.5038e-06	  0.0000e+00	  0.0000e+00	     -0.4268	     -5.0000	      3.5429	      0.6816	
           2	       react	           1	         -99	           0	          80	           8	       -6.76	  1.0000e-05	  2.5014e-04	  1.9406e-07	  0.0000e+00	  0.0000e+00	  2.7729e-05	  2.5032e-06	  0.0000e+00	  0.0000e+00	     -0.4171	     -5.0000	      3.5234	      0.6913	
           2	       react	           1	         -99	           0	          81	           8	       -6.76	  1.0000e-04	  4.7509e-04	  1.2601e-07	  0.0000e+00	  0.0000e+00	  5.2746e-05	  2.5017e-05	  0.0000e+00	  0.0000e+00	     -0.3516	     -5.0000	      3.3923	      0.7569	
           2	       react	           1	         -99	           0	          82	           8	       -6.76	  1.0000e-04	  7.0006e-04	  9.7878e-08	  0.0000e+00	  0.0000e+00	  7.7753e-05	  2.5007e-05	  0.0000e+00	  0.0000e+00	     -0.3127	     -5.0000	      3.3146	      0.7958	
           2	       react	           1	         -99	           0	          83	           8	       -6.76	  1.0000e-04	  9.2504e-04	  8.1984e-08	  0.0000e+00	  0.0000e+00	  1.0276e-04	  2.5004e-05	  0.0000e+00	  0.0000e+00	     -0.2851	     -5.0000	      3.2595	      0.8233	
           2	       react	           1	         -99	           0	          84	           8	       -6.76	  1.0000e-04	  1.1500e-03	  7.1589e-08	  0.0000e+00	  0.0000e+00	  1.2776e-04	  2.5003e-05	  0.0000e+00	  0.0000e+00	     -0.2639	     -5.0000	      3.2169	      0.8446	
           2	       react	           1	         -99	           0	          85	           8	       -6.76	  1.0000e-04	  1.3750e-03	  6.4177e-08	  0.0000e+00	  0.0000e+00	  1.5276e-04	  2.5002e-05	  0.0000e+00	  0.0000e+00	     -0.2466	     -5.0000	      3.1823	      0.8619	
           2	       react	           1	         -99	           0	          86	           8	       -6.76	  1.0000e-04	  1.6000e-03	  5.8582e-08	  0.0000e+00	  0.0000e+00	  1.7776e-04	  2.5001e-05	  0.0000e+00	  0.0000e+00	     -0.2320	     -5.0000	      3.1532	      0.8764	
           2	       react	           1	         -99	           0	          87	           8	       -6.76	  1.0000e-04	  1.8250e-03	  5.4183e-08	  0.0000e+00	  0.0000e+00	  2.0276e-04	  2.5001e-05	  0.0000e+00	  0.0000e+00	     -0.2195	     -5.0000	      3.1282	      0.8889	
           2	       react	           1	         -99	           0	          88	           8	       -6.76	  1.0000e-04	  2.0500e-03	  5.0619e-08	  0.0000e+00	  0.0000e+00	  2.2777e-04	  2.5001e-05	  0.0000e+00	  0.0000e+00	     -0.2085	     -5.0000	      3.1062	      0.8999	
           2	       react	           1	         -99	           0	          89	           8	       -6.76	  1.0000e-04	  2.2749e-03	  4.7662e-08	  0.0000e+00	  0.0000e+00	  2.5277e-04	  2.5001e-05	  0.0000e+00	  0.0000e+00	     -0.1987	     -5.0000	      3.0867	      0.9097	
           2	       react	           1	         -99	           0	          90	           8	       -6.76	  1.0000e-04	  2.4999e-03	  4.5162e-08	  0.0000e+00	  0.0000e+00	  2.7777e-04	  2.5001e-05	  0.0000e+00	  0.0000e+00	     -0.1899	     -5.0000	      3.0691	      0.9185	
           2	       react	           1	         -99	           0	          91	           8	       -6.76	  1.0000e-03	  4.7496e-03	  3.1833e-08	  0.0000e+00	  0.0000e+00	  5.2777e-04	  2.5000e-04	  0.0000e+00	  0.0000e+00	     -0.1314	     -5.0000	      2.9521	      0.9770	
           2	       react	           1	         -99	           0	          92	           8	       -6.76	  1.0000e-03	  6.9991e-03	  2.6166e-08	  0.0000e+00	  0.0000e+00	  7.7777e-04	  2.5000e-04	  0.0000e+00	  0.0000e+00	     -0.0973	     -5.0000	      2.8838	      1.0111	
           2	       react	           1	         -99	           0	          93	           8	       -6.76	  1.0000e-03	  9.2485e-03	  2.2897e-08	  0.0000e+00	  0.0000e+00	  1.0278e-03	  2.5000e-04	  0.0000e+00	  0.0000e+00	     -0.0734	     -5.0000	      2.8360	      1.0351	
           2	       react	           1	         -99	           0	          94	           8	       -6.76	  1.0000e-03	  1.1498e-02	  2.0719e-08	  0.0000e+00	  0.0000e+00	  1.2778e-03	  2.5000e-04	  0.0000e+00	  0.0000e+00	     -0.0550	     -5.0000	      2.7993	      1.0534	
           2	       react	           1	         -99	           0	          95	           8	       -6.76	  1.0000e-03	  1.3747e-02	  1.9141e-08	  0.0000e+00	  0.0000e+00	  1.5278e-03	  2.5000e-04	  0.0000e+00	  0.0000e+00	     -0.0402	     -5.0000	      2.7695	      1.0683	
           2	       react	           1	         -99	           0	          96	           8	       -6.76	  1.0000e-03	  1.5995e-02	  1.7931e-08	  0.0000e+00	  0.0000e+00	  1.7778e-03	  2.5000e-04	  0.0000e+00	  0.0000e+00	     -0.0277	     -5.0000	      2.7446	      1.0807	
           2	       react	           1	         -99	           0	          97	           8	       -6.76	  1.0000e-03	  1.8244e-02	  1.6966e-08	  0.0000e+00	  0.0000e+00	  2.0278e-03	  2.5000e-04	  0.0000e+00	  0.0000e+00	     -0.0170	     -5.0000	      2.7232	      1.0914	
           2	       react	           1	         -99	           0	          98	           8	       -6.76	  1.0000e-03	  2.0493e-02	  1.6173e-08	  0.0000e+00	  0.0000e+00	  2.2778e-03	  2.5000e-04	  0.0000e+00	  0.0000e+00	     -0.0076	     -5.0000	      2.7044	      1.1008	
           2	       react	           1	         -99	           0	          99	           8	       -6.76	  1.0000e-03	  2.2534e-02	  1.5562e-08	  8.2649e-04	  8.2649e-04	  2.3212e-03	  4.3378e-05	  0.0000e+00	  0.0000e+00	     -0.0000	     -5.0000	      2.6892	      1.1084	
           2	       react	           1	         -99	           0	         100	           8	       -6.76	  1.0000e-03	  2.2534e-02	  1.5562e-08	  9.8265e-03	  9.0000e-03	  3.2115e-04	 -2.0000e-03	  0.0000e+00	  0.0000e+00	      0.0000	     -5.0000	      2.6892	      1.1084	
           2	       react	           1	         -99	           0	         101	           8	       -6.76	  1.0000e-02	  4.2191e-02	  1.0824e-08	  2.1111e-02	  1.1285e-02	  0.0000e+00	 -3.2115e-04	  0.0000e+00	  0.0000e+00	     -0.0000	     -5.1974	      2.4918	      1.1084	
           2	       react	           1	         -99	           0	         102	           8	       -6.76	  1.0000e-02	  6.2153e-02	  8.7006e-09	  3.1111e-02	  1.0000e-02	  0.0000e+00	  0.0000e+00	  0.0000e+00	  0.0000e+00	      0.0000	     -5.3169	      2.3723	      1.1084	
           2	       react	           1	         -99	           0	         103	           8	       -6.76	  1.0000e-02	  8.2102e-02	  7.4202e-09	  4.1111e-02	  1.0000e-02	  0.0000e+00	  0.0000e+00	  0.0000e+00	  0.0000e+00	      0.0000	     -5.4022	      2.2870	      1.1084	
           2	       react	           1	         -99	           0	         104	           8	       -6.76	  1.0000e-02	  1.0204e-01	  6.5262e-09	  5.1111e-02	  1.0000e-02	  0.0000e+00	  0.0000e+00	  0.0000e+00	  0.0000e+00	      0.0000	     -5.4687	      2.2205	      1.1084	
           2	       react	           1	         -99	           0	         105	           8	       -6.76	  1.0000e-02	  1.2196e-01	  5.8487e-09	  6.1111e-02	  1.0000e-02	  0.0000e+00	  0.0000e+00	  0.0000e+00	  0.0000e+00	      0.0000	     -5.5234	      2.1658	      1.1084	
           2	       react	           1	         -99	           0	         106	           8	       -6.76	  1.0000e-02	  1.4186e-01	  5.3081e-09	  7.1111e-02	  1.0000e-02	  0.0000e+00	  0.0000e+00	  0.0000e+00	  0.0000e+00	      0.0000	     -5.5698	      2.1194	      1.1084	
           2	       react	           1	         -99	           0	         107	           8	       -6.76	  1.0000e-02	  1.6175e-01	  4.8618e-09	  8.1111e-02	  1.0000e-02	  0.0000e+00	  0.0000e+00	  0.0000e+00	  0.0000e+00	      0.0000	     -5.6103	      2.0789	      1.1084	
           2	       react	           1	         -99	           0	         108	           8	       -6.76	  1.0000e-02	  1.8163e-01	  4.4844e-09	  9.1111e-02	  1.0000e-02	  0.0000e+00	  0.0000e+00	  0.0000e+00	  0.0000e+00	     -0.0000	     -5.6462	      2.0430	      1.1084	
           2	       react	           1	         -99	           0	         109	           8	       -6.76	  1.0000e-02	  2.0150e-01	  4.1595e-09	  1.0111e-01	  1.0000e-02	  0.0000e+00	  0.0000e+00	  0.0000e+00	  0.0000e+00	      0.0000	     -5.6784	      2.0108	      1.1084	
           2	       react	           1	         -99	           0	         110	           8	       -6.76	  1.0000e-02	  2.2135e-01	  3.8760e-09	  1.1111e-01	  1.0000e-02	  0.0000e+00	  0.0000e+00	  0.0000e+00	  0.0000e+00	      0.0000	     -5.7077	      1.9815	      1.1084	
